{
    "num_leaves": 170,
    "learning_rate": 0.072459243203379,
    "feature_fraction": 0.3792638920286918,
    "bagging_fraction": 0.21987484826701287,
    "bagging_freq": 7,
    "reg_alpha": 1.156570937991046e-08,
    "reg_lambda": 0.045547153093458075
}