{
    "num_leaves": 145,
    "learning_rate": 0.022175993276087533,
    "feature_fraction": 0.4299595342604079,
    "bagging_fraction": 0.6510958295079136,
    "bagging_freq": 9,
    "reg_alpha": 0.004895806129638686,
    "reg_lambda": 0.011653041547961521
}