{
    "num_leaves": 92,
    "learning_rate": 0.03965961320291141,
    "feature_fraction": 0.5861039764016658,
    "bagging_fraction": 0.6810818040333113,
    "bagging_freq": 3,
    "reg_alpha": 3.5292366870419834e-06,
    "reg_lambda": 1.0811632214452958e-09
}